staff_id,hotel_id,full_name,designation,salary,hire_date
1,1,Thomas Orozco,Receptionist,52265.51,2017-02-13
2,1,Mrs. Kim Park DDS,Manager,49980.11,2020-12-13
3,1,Sara Kerr,Housekeeping,68046.0,2021-11-09
4,1,Rachel Petty,Receptionist,60028.48,2020-12-22
5,1,Jennifer Huffman,Chef,23485.53,2016-05-12
6,1,Jeremy Henderson,Housekeeping,74457.57,2019-02-28
7,1,Amanda James,Housekeeping,24814.93,2020-03-18
8,1,Eric Martinez,Receptionist,46213.29,2018-10-29
9,2,Dustin Wilkinson,Chef,36924.7,2022-12-17
10,2,Anthony Gonzalez,Chef,40599.93,2020-05-02
11,2,Richard Johnson,Manager,43329.12,2021-02-01
12,2,Derrick Becker,Receptionist,78702.97,2022-06-02
13,2,John Castro,Housekeeping,65624.61,2017-05-27
14,2,Mandy Kirk,Chef,74031.41,2015-02-14
15,2,Katherine Watson,Housekeeping,51560.66,2022-01-20
16,2,Jennifer Burton,Manager,26267.54,2015-01-10
17,2,Debra Smith,Manager,59144.72,2020-12-02
18,3,Peter Vance,Receptionist,20862.53,2019-07-27
19,3,Sandra Mitchell,Housekeeping,73399.7,2015-10-31
20,3,Brandon Gilbert,Receptionist,37286.32,2020-07-11
21,3,James Hoffman,Housekeeping,34646.5,2020-06-07
22,3,Rhonda Stevens,Receptionist,68193.81,2018-01-21
23,3,Roberta Gordon MD,Receptionist,51808.07,2015-09-19
24,3,Jack Nelson,Manager,26151.5,2015-10-28
25,3,Lisa Rivera,Manager,58486.63,2016-03-17
26,3,Crystal Brown,Receptionist,78829.18,2019-05-28
27,3,Jennifer Thompson,Manager,44623.45,2018-01-10
28,3,Aaron Williams,Manager,46203.46,2016-02-16
29,4,Amber Thomas,Chef,67641.15,2021-04-02
30,4,Rachel Berry,Receptionist,70983.39,2017-12-19
31,4,Catherine Harmon,Housekeeping,59614.73,2021-09-08
32,4,Jeff Suarez,Manager,73870.96,2021-12-14
33,4,Gina Webb,Receptionist,57093.5,2019-02-11
34,4,Patricia Schneider,Housekeeping,42224.59,2015-12-18
35,4,Fernando Harper,Chef,69516.69,2016-06-22
36,4,Michael Shaw,Receptionist,66083.33,2017-01-25
37,4,John Schmitt,Housekeeping,49144.38,2019-03-23
38,4,Kristie Williams,Housekeeping,52528.03,2021-10-28
39,4,Brianna Smith,Housekeeping,39973.63,2020-10-10
40,4,Andrew Evans,Manager,47313.71,2021-02-26
41,5,Michael Cox,Chef,71004.96,2021-11-17
42,5,David Mendoza,Chef,43192.88,2016-09-04
43,5,Roy Walls,Chef,40817.01,2017-06-04
44,5,Michelle Rhodes,Manager,78754.06,2021-10-16
45,5,Christopher Wheeler,Chef,40054.24,2022-12-05
46,5,Caleb Rivera,Manager,72136.31,2015-09-23
47,5,Joanna Davis DDS,Housekeeping,71963.82,2019-12-02
48,5,Tiffany Brown,Manager,27644.74,2018-03-28
49,5,Juan Black,Manager,44207.17,2019-07-14
50,5,Daniel Carr,Receptionist,64093.88,2022-09-09
51,5,Sean Mcneil,Housekeeping,32885.21,2021-01-27
52,5,Jesse Carpenter,Chef,56864.34,2018-09-14
53,5,Mary Wood,Chef,51652.83,2022-08-29
54,5,Marcus Barker,Manager,64520.39,2020-03-12
55,6,Rebecca Prince,Receptionist,78883.38,2016-07-31
56,6,Emily Leon,Manager,25988.57,2020-02-27
57,6,George Hill,Manager,70386.78,2018-06-27
58,6,Daniel Henderson,Housekeeping,62728.44,2017-03-11
59,6,Nicholas Brown,Receptionist,22372.98,2017-05-08
60,6,Brittany Jones,Receptionist,26748.6,2017-03-03
61,6,Justin Fuller,Housekeeping,54491.69,2016-06-18
62,6,Dr. Jasmine Moore,Chef,25310.67,2019-01-09
63,6,William Williams,Chef,44903.34,2015-10-11
64,6,Joyce Davis,Manager,78549.65,2019-04-25
65,7,Jesse Burns,Chef,57770.33,2021-12-08
66,7,Sara Davis,Housekeeping,47392.41,2021-12-11
67,7,Joshua Vargas,Receptionist,56441.93,2018-07-04
68,7,Brandi Lawrence,Chef,77463.95,2020-04-22
69,7,Robert Anderson,Manager,51100.31,2015-02-26
70,8,Hannah Garcia,Manager,38329.49,2017-11-26
71,8,Mrs. Dominique Lucero,Receptionist,77413.41,2017-10-28
72,8,Arthur Brown,Manager,44333.77,2015-08-09
73,8,Sabrina Becker,Housekeeping,52873.83,2015-05-15
74,8,Connor Nelson,Manager,20648.55,2015-07-30
75,8,James Moses,Manager,65890.05,2015-09-15
76,8,Barbara Moore,Housekeeping,34793.96,2018-05-07
77,8,Marcus Cox,Receptionist,35597.35,2015-06-10
78,8,Kristen Jones,Receptionist,73115.87,2021-05-04
79,8,Michael Gross,Receptionist,76189.31,2016-09-02
80,9,Michael Patel,Receptionist,56388.11,2019-11-17
81,9,Joshua Hall,Receptionist,59095.91,2022-09-10
82,9,Michael Miller,Chef,63793.47,2022-08-31
83,9,Rachel Curtis,Chef,65307.13,2015-04-13
84,9,Oscar Thompson,Receptionist,75673.02,2017-01-25
85,9,Mary Davis,Receptionist,33780.08,2017-05-29
86,9,Victoria Martinez,Receptionist,37692.99,2022-05-17
87,9,Stacy Cook,Chef,43291.62,2016-06-20
88,9,Matthew Davis,Receptionist,42655.85,2017-05-02
89,9,Daniel Williams,Receptionist,53861.93,2016-02-28
90,9,Michelle Johnson,Receptionist,73200.06,2021-04-07
91,9,Renee Hancock,Chef,32802.04,2017-06-05
92,9,Susan Mays,Chef,68222.7,2021-02-04
93,9,Sara Gibbs,Manager,58400.92,2015-12-16
94,10,Mr. Michael Young,Receptionist,74467.22,2022-09-14
95,10,Robert Willis,Chef,69863.37,2022-12-24
96,10,Nicole Davies,Manager,38971.79,2021-07-06
97,10,Kelly Murray,Housekeeping,79217.43,2019-03-24
98,10,Walter Hill,Manager,61778.54,2015-12-11
99,10,Steven Rodriguez,Receptionist,55955.12,2016-08-16
100,10,Dylan Perez,Housekeeping,74975.88,2022-03-22
101,10,Joseph Allison,Chef,77487.13,2021-04-30
102,10,Mrs. Jennifer Nguyen,Manager,48709.98,2017-06-20
103,10,Sarah Richardson,Housekeeping,32774.44,2020-08-12
104,10,Ashley Camacho,Manager,62863.27,2022-11-17
105,10,Kara Martinez,Manager,61846.42,2019-05-18
106,11,Lisa Dunn,Chef,66430.84,2019-06-14
107,11,Lori Duncan,Receptionist,38392.74,2021-08-23
108,11,Barbara Page,Housekeeping,20151.58,2017-10-04
109,11,William Meyers,Receptionist,48182.76,2018-06-03
110,11,Christine Miller,Housekeeping,47742.44,2016-02-04
111,11,Jason Smith,Receptionist,26069.57,2021-03-11
112,11,Megan Campbell,Chef,41425.32,2016-10-14
113,11,Scott Porter,Chef,65424.97,2022-05-12
114,11,Jennifer King,Chef,39153.93,2022-10-14
115,11,Nancy Nichols,Receptionist,36808.07,2018-01-24
116,11,Thomas Nelson,Receptionist,34017.46,2020-10-05
117,11,Ronald Cunningham,Manager,41719.1,2022-08-11
118,11,James Kennedy,Receptionist,28114.29,2019-07-08
119,12,Amy Moore,Housekeeping,24686.31,2020-01-05
120,12,Amy Sanchez,Chef,52996.32,2022-10-19
121,12,Kevin Johnson,Chef,67720.99,2015-09-06
122,12,Kaitlyn Parker,Housekeeping,37923.53,2018-06-18
123,12,Peter Wells,Chef,42103.31,2018-10-25
124,12,Bradley Johnson,Receptionist,76480.28,2019-12-23
125,12,Pamela Michael,Housekeeping,55356.13,2016-11-16
126,12,Gregory Cox,Chef,67175.12,2022-06-07
127,13,Victoria Ferguson,Manager,56796.82,2020-11-27
128,13,Michelle Gregory,Manager,54242.24,2019-03-06
129,13,Sarah Banks,Receptionist,57672.95,2016-05-08
130,13,Melissa Rich,Housekeeping,36708.18,2022-08-17
131,13,Sonia Haney,Housekeeping,27275.64,2015-12-28
132,13,Sheila Turner,Housekeeping,63110.54,2022-12-24
133,13,Kaitlyn Rodriguez,Housekeeping,50984.41,2018-11-13
134,13,Laura Hodge,Chef,33550.14,2022-11-21
135,13,Franklin Hall,Receptionist,48593.44,2018-08-24
136,13,Margaret Guerrero,Chef,77327.95,2019-05-09
137,14,Angelica Fowler,Housekeeping,69260.69,2022-08-26
138,14,Zoe Combs,Manager,40473.14,2018-10-08
139,14,Michelle Adams,Housekeeping,64269.95,2016-06-01
140,14,Lauren Howard,Receptionist,54591.31,2019-02-08
141,14,Julie Price,Manager,77030.94,2018-09-22
142,14,William Johnston,Housekeeping,28069.67,2019-10-26
143,14,Nicholas Khan,Chef,23549.87,2019-12-13
144,15,Sharon Cole,Receptionist,54933.1,2022-10-19
145,15,Dwayne Navarro,Manager,40043.03,2015-05-23
146,15,Christopher Thomas,Housekeeping,74464.26,2021-04-07
147,15,Gregory King,Housekeeping,56168.09,2017-07-09
148,15,Oscar Flores,Housekeeping,54139.53,2019-03-31
149,15,Natasha Barrera,Housekeeping,49642.44,2018-10-08
150,15,Jennifer Campbell,Chef,62621.91,2020-03-15
151,15,Meghan Black,Manager,45564.54,2017-12-08
152,15,Brooke Mack,Receptionist,64237.09,2021-12-17
153,15,Laura Mendoza,Receptionist,68167.96,2017-01-17
154,15,Blake Atkinson,Manager,23898.28,2016-12-18
155,16,William Wright,Receptionist,64864.52,2017-10-14
156,16,April Cummings,Chef,44850.34,2015-06-04
157,16,Anthony Vasquez,Housekeeping,51186.33,2021-11-23
158,16,Leonard Spence,Housekeeping,64145.77,2015-07-16
159,16,Veronica Wallace,Chef,50052.79,2015-07-15
160,16,Christopher Wood,Housekeeping,65181.02,2022-05-12
161,16,Andrea Gilmore,Manager,41245.79,2015-11-12
162,16,Sherry Smith,Manager,45064.06,2017-07-08
163,17,Richard Eaton,Manager,54078.69,2022-07-03
164,17,Kevin Jones,Manager,24444.37,2022-10-03
165,17,Emily Shelton,Receptionist,31250.9,2017-08-23
166,17,Tracy Lewis,Manager,66694.73,2021-01-15
167,17,Jacob Dawson,Manager,39604.38,2022-08-20
168,17,Stacey Perkins,Receptionist,40936.92,2022-04-21
169,17,Jeffrey Garcia,Manager,34283.9,2019-03-04
170,17,Jonathan Odonnell,Manager,51134.62,2017-08-03
171,18,Michelle Wood,Receptionist,32156.3,2018-02-16
172,18,Craig Walters,Chef,57386.6,2021-04-26
173,18,Eric Smith,Chef,47774.99,2016-10-10
174,18,Jeffrey Williams,Housekeeping,23311.51,2015-11-26
175,18,Amanda Rivera,Chef,43278.57,2019-07-17
176,18,Melinda Sims,Housekeeping,31815.83,2020-06-20
177,18,Melissa Simpson,Chef,22859.65,2022-04-01
178,18,Holly Parsons,Chef,36285.32,2020-04-14
179,18,Wayne Smith,Receptionist,69512.21,2017-11-29
180,18,Tanya Goodman,Housekeeping,52497.53,2015-07-10
181,18,Anthony Gordon,Housekeeping,57065.36,2021-02-24
182,19,Billy Wu,Chef,30503.09,2022-04-28
183,19,Terry Olson,Housekeeping,59251.14,2016-09-11
184,19,Dennis Miller,Housekeeping,36967.61,2020-02-19
185,19,Sherry Hayes,Manager,28839.51,2022-05-15
186,19,Caleb Martinez,Chef,37278.64,2015-05-18
187,19,Bryan Luna,Manager,70968.64,2022-06-14
188,19,Ashley Guzman,Manager,77953.82,2021-09-22
189,19,Christopher Parks,Housekeeping,37381.42,2020-03-15
190,19,Roy Ramirez,Housekeeping,22069.26,2017-02-28
191,19,Monica Brown,Receptionist,23395.72,2021-07-10
192,19,Brandon Boone,Manager,51164.79,2018-09-18
193,19,Larry Johnson,Chef,43216.16,2017-09-27
194,20,Lauren Key,Chef,76678.48,2020-09-01
195,20,Colton Ray,Housekeeping,26172.56,2021-10-21
196,20,Kendra Tate,Chef,34558.86,2017-12-22
197,20,Melissa Johnson,Chef,45036.38,2016-06-20
198,20,Nicole Holland,Receptionist,56702.01,2020-07-10
199,20,Jordan Contreras,Chef,34381.16,2015-07-28
200,20,Martin Mendoza,Housekeeping,72517.42,2020-08-13
201,20,William Lin,Manager,38998.44,2015-06-13
202,20,David Sutton,Housekeeping,76569.76,2017-03-31
203,20,Nathan Weiss,Chef,24431.02,2017-06-26
204,20,Joshua Harrison,Receptionist,35798.94,2021-10-29
205,20,Chad Spears,Receptionist,59424.56,2017-11-04
206,20,Matthew Schneider,Housekeeping,62096.47,2021-01-25
207,20,Sherry Wright,Receptionist,38582.92,2021-12-08
208,21,Phillip Kim,Receptionist,49232.15,2018-01-22
209,21,Steven Hawkins,Receptionist,42762.86,2022-11-01
210,21,Eric Buchanan,Receptionist,33508.37,2019-12-28
211,21,Joseph Haynes,Manager,61383.2,2017-12-19
212,21,Michelle Peterson,Housekeeping,69275.3,2016-03-30
213,21,Richard Wilcox,Receptionist,49863.36,2015-01-13
214,21,Christopher Miller,Receptionist,77407.9,2020-05-29
215,21,Kimberly Lee,Manager,25681.94,2017-10-21
216,21,Steven Khan,Receptionist,57941.27,2015-11-23
217,21,Tracy French,Manager,69256.03,2016-09-04
218,21,Hannah Bates,Chef,72128.47,2018-04-21
219,21,Karen Jenkins,Manager,47236.85,2016-09-24
220,21,Erica Anderson,Housekeeping,24846.71,2015-05-28
221,21,Danielle Swanson,Chef,56932.04,2020-01-17
222,22,Jessica Hamilton,Manager,56859.32,2021-02-04
223,22,Kelly Lopez,Chef,43601.0,2021-10-25
224,22,Patricia Key,Manager,21744.03,2016-11-08
225,22,Nancy Collins,Manager,32864.16,2022-11-01
226,22,Benjamin Wilson,Manager,28636.56,2015-09-18
227,22,Michelle Jordan,Manager,62034.46,2017-08-17
228,22,Stacy Hall,Housekeeping,73320.94,2016-02-13
229,22,Joseph Pollard,Housekeeping,52946.35,2020-02-08
230,22,Janet Allen,Receptionist,77516.61,2018-01-18
231,22,Laura Snyder,Housekeeping,66830.02,2017-10-10
232,23,Brian Cabrera,Receptionist,39882.63,2020-04-22
233,23,Angela Erickson,Housekeeping,64018.1,2017-11-15
234,23,Rebecca Thomas,Manager,58155.72,2019-06-03
235,23,Connor Brown,Housekeeping,61766.19,2021-05-27
236,23,Jeremy Maxwell,Manager,63562.14,2016-11-08
237,24,William Mccall,Manager,28026.49,2015-05-26
238,24,James Combs,Manager,58145.62,2016-10-02
239,24,Alan Mcgee,Chef,43827.84,2022-06-18
240,24,Angela Bradshaw,Chef,44612.84,2021-07-30
241,24,Kyle Mckay,Chef,73923.77,2015-06-29
242,24,Anthony Hawkins,Housekeeping,20365.09,2018-11-13
243,24,Diana Wright,Housekeeping,45135.39,2021-05-06
244,24,Jacqueline Martinez,Receptionist,64276.83,2015-09-13
245,25,Brenda Allen,Manager,51160.58,2022-03-07
246,25,Michael Hart,Receptionist,74555.16,2021-07-10
247,25,Emily Martin,Manager,36735.18,2022-05-01
248,25,Seth Crawford,Chef,28520.1,2020-11-20
249,25,Billy Ayala,Chef,50340.26,2019-04-11
250,25,Jesse Fowler,Chef,65772.35,2018-07-12
251,25,Elizabeth Williams,Receptionist,33738.42,2022-02-06
252,25,Jonathan Rogers,Housekeeping,79202.47,2018-12-31
253,26,Jerry French,Chef,35217.43,2020-03-05
254,26,Jesse Logan,Housekeeping,55150.01,2021-11-14
255,26,Veronica Hamilton,Chef,54781.78,2015-05-11
256,26,Carrie Miller,Housekeeping,72017.17,2015-11-04
257,26,Leah Reyes,Housekeeping,48546.47,2020-12-25
258,26,Lauren Phillips,Receptionist,40580.79,2021-08-13
259,26,Mary Hutchinson,Manager,63606.2,2020-08-30
260,26,William Clark,Chef,69189.62,2020-06-28
261,26,Jennifer Henry,Housekeeping,79452.56,2022-03-19
262,27,David Allen,Chef,41706.16,2017-08-06
263,27,Charles Brady,Manager,50393.15,2021-10-07
264,27,Kimberly Powell,Manager,75385.59,2018-02-25
265,27,Joshua Sweeney Jr.,Manager,55616.5,2018-09-20
266,27,Glenda Franco,Housekeeping,65176.78,2017-06-09
267,27,Zoe Young,Chef,54508.59,2020-07-23
268,28,Sarah White,Manager,65892.4,2022-09-16
269,28,Joshua Smith,Chef,20101.42,2022-07-12
270,28,Catherine Riley,Chef,26070.08,2022-06-27
271,28,Eric Hamilton Jr.,Housekeeping,70496.34,2016-06-04
272,28,Jennifer Powell,Manager,37252.25,2022-06-24
273,28,Elizabeth Howell,Chef,30144.49,2016-10-29
274,29,Joel Guzman,Chef,40784.64,2020-03-07
275,29,Christina Price,Chef,29466.48,2018-05-08
276,29,Charles Perry,Housekeeping,59751.38,2022-06-22
277,29,Anthony Morgan,Housekeeping,62181.23,2017-08-31
278,29,Duane Martin,Housekeeping,45886.98,2016-01-10
279,29,Justin Jacobs,Manager,32410.91,2021-07-02
280,29,Amanda Shannon,Receptionist,42816.81,2016-12-03
281,29,Daniel Fuller,Chef,77625.76,2019-11-24
282,29,Gary Nguyen,Manager,35853.23,2016-07-03
283,29,Dave Pacheco,Receptionist,73337.99,2021-12-08
284,29,Carly Dean,Manager,36637.06,2018-03-28
285,29,Veronica Guzman,Manager,54280.23,2018-10-12
286,29,Joseph Riley,Housekeeping,39998.78,2016-05-10
287,29,Lauren Lozano,Housekeeping,44836.47,2022-10-13
288,30,Emily Miller,Housekeeping,33585.38,2021-03-22
289,30,Logan Woods,Housekeeping,24243.3,2019-01-14
290,30,Deborah Walker,Housekeeping,38605.8,2022-05-10
291,30,Monique Raymond,Manager,52988.79,2020-03-13
292,30,Madison Roberts,Chef,66084.71,2018-02-09
293,30,Jeremy Brown,Housekeeping,54298.2,2021-08-02
294,30,Amy Martin MD,Manager,29659.59,2020-03-12
295,30,Tanner Jones,Manager,69130.72,2018-03-17
296,30,Tiffany Baldwin,Housekeeping,43622.19,2016-09-29
297,30,Brian Holmes,Housekeeping,55221.89,2016-09-24
298,30,Monica Wright,Chef,63617.53,2017-09-23
299,30,Amanda Phelps,Housekeeping,57326.46,2015-12-19
300,30,Timothy Elliott,Housekeeping,39777.11,2015-10-29
301,31,Alexandra Johnson,Housekeeping,65519.75,2018-08-14
302,31,John Garcia,Manager,50583.88,2015-01-15
303,31,David Caldwell,Chef,44946.22,2020-07-20
304,31,Christopher Montgomery,Chef,55813.7,2020-09-04
305,31,Sean Parker,Manager,23577.93,2016-07-24
306,31,Alexander Delacruz,Housekeeping,75300.92,2016-05-27
307,31,Teresa Smith,Receptionist,45972.14,2017-12-09
308,31,Cody Wright,Chef,57487.73,2019-08-24
309,32,Ariana Barnett,Receptionist,38167.26,2018-08-06
310,32,Alexis Burns,Chef,37167.24,2019-08-30
311,32,Megan Schwartz,Manager,20241.94,2018-08-02
312,32,Barry Smith,Housekeeping,52609.49,2019-02-18
313,32,Christina Johnson,Housekeeping,45242.5,2015-04-17
314,32,Kelli Rice,Manager,48620.35,2015-03-05
315,32,Kevin Kirby,Chef,44237.73,2021-05-15
316,32,Victoria Lee,Chef,61928.5,2019-01-04
317,32,Rodney Williams,Chef,76525.7,2022-04-12
318,33,Cassandra Riley,Receptionist,69702.23,2019-01-10
319,33,Justin Perez,Manager,31437.9,2017-11-27
320,33,Paul Young,Manager,44833.21,2021-01-10
321,33,Michael Vazquez,Housekeeping,31836.38,2021-01-20
322,33,James Miller,Receptionist,50060.64,2015-06-24
323,33,Albert Smith,Receptionist,25801.85,2016-05-03
324,33,Hector Serrano,Chef,51020.63,2022-03-18
325,33,Timothy Martinez,Housekeeping,52275.89,2020-12-24
326,33,Jasmine Williams,Receptionist,76964.91,2020-01-14
327,33,Alicia Webster,Chef,33023.05,2019-07-28
328,33,Andrew Patterson,Chef,29801.31,2022-10-02
329,33,Jasmine Vasquez,Receptionist,73516.33,2017-05-17
330,33,Joan Stark,Manager,49131.64,2015-11-03
331,34,Kathleen Eaton,Receptionist,24375.52,2015-02-02
332,34,Tristan Campbell,Chef,46757.08,2015-11-25
333,34,Linda Erickson,Receptionist,56455.11,2015-09-12
334,34,Michele Smith,Manager,34751.12,2017-11-03
335,34,Brittany Wheeler,Receptionist,70121.16,2017-10-23
336,34,David Anderson,Housekeeping,46205.13,2015-08-31
337,34,David Frost,Receptionist,61957.65,2017-03-31
338,34,Nicholas Hamilton,Receptionist,35306.45,2016-10-30
339,34,Matthew Brown,Receptionist,33673.65,2019-08-20
340,34,Kimberly Hunter,Chef,57202.82,2022-06-25
341,34,Nicole Chung,Manager,74925.62,2018-10-02
342,34,Joseph Hamilton,Housekeeping,39910.57,2022-12-03
343,34,Richard Huffman,Receptionist,58039.78,2022-01-29
344,34,Julie Adams,Housekeeping,50142.11,2021-12-13
345,34,Mary Contreras,Chef,55866.95,2021-06-20
346,35,Rose Jones,Manager,39170.47,2019-10-06
347,35,Beth Taylor,Receptionist,69483.83,2019-11-14
348,35,Tara Johnson,Manager,68144.65,2016-02-06
349,35,Samantha Armstrong,Housekeeping,79760.44,2022-12-29
350,35,Matthew Patterson,Housekeeping,69713.14,2015-10-19
351,35,Katherine Lucas,Manager,23869.16,2020-03-22
352,35,Dr. Christopher Warner,Receptionist,64307.27,2016-08-29
353,35,Brittany Tucker,Chef,31354.55,2017-05-12
354,36,Judy Wilson,Chef,37452.78,2017-08-16
355,36,Daniel Galvan,Chef,43197.87,2018-08-17
356,36,John Sanford,Manager,71245.45,2016-06-20
357,36,Brian Alvarez,Housekeeping,22336.83,2019-09-11
358,36,Dawn Simpson,Housekeeping,35381.36,2020-01-30
359,36,Danny Smith,Receptionist,59825.67,2017-11-19
360,36,Barbara Snyder,Housekeeping,60810.56,2018-03-15
361,36,James Harvey,Receptionist,25639.58,2017-04-08
362,36,Nicole Robinson,Chef,48889.16,2020-05-17
363,36,Scott Nguyen,Manager,26412.62,2022-01-23
364,36,Frank Bryant,Receptionist,71293.02,2019-06-18
365,37,Emily Wood,Chef,58420.12,2022-09-04
366,37,Jennifer Herman,Chef,73146.66,2017-09-09
367,37,Sarah Perkins,Manager,66902.68,2017-11-15
368,37,Lauren Jones,Chef,68391.71,2015-02-12
369,37,Gary Anderson,Chef,62494.1,2020-09-24
370,37,Aaron Martinez,Receptionist,56349.91,2017-06-14
371,37,Amber Russell,Receptionist,22471.81,2017-02-15
372,37,Christopher Thomas,Chef,35295.17,2017-03-25
373,37,Nathaniel Miller,Housekeeping,67860.95,2021-12-23
374,37,Christina Barnett,Housekeeping,50821.58,2022-08-25
375,37,William Mcguire,Housekeeping,43902.23,2019-06-30
376,38,Mathew Haney,Chef,70688.51,2022-03-09
377,38,Paul Charles,Receptionist,54830.93,2020-07-29
378,38,Sarah Mason,Housekeeping,27154.29,2017-04-11
379,38,Daniel Grimes,Housekeeping,31241.33,2022-01-08
380,38,Regina Saunders,Housekeeping,32615.1,2021-10-15
381,38,Susan Herman,Housekeeping,50899.31,2015-01-18
382,38,Tracy Jenkins,Manager,21743.05,2021-11-01
383,38,David Jarvis,Receptionist,56667.1,2016-04-03
384,38,Shawn Harrison,Receptionist,51359.19,2022-05-07
385,38,Elizabeth Smith,Manager,56949.4,2018-02-22
386,38,Nathaniel Grant,Housekeeping,41348.43,2020-08-08
387,38,Dana Hodges,Receptionist,77657.76,2019-01-13
388,39,Lauren Hicks,Chef,61339.26,2015-03-13
389,39,Felicia Woods,Housekeeping,70322.66,2018-06-20
390,39,Natasha Tapia,Housekeeping,69197.21,2018-11-29
391,39,Adam Savage,Receptionist,58348.29,2016-11-26
392,39,Christopher Hoover,Housekeeping,60902.23,2021-03-24
393,39,Bruce Roberts,Chef,73249.56,2022-09-09
394,39,Adam Henry,Receptionist,64043.83,2021-08-09
395,39,Mark Weaver,Housekeeping,63227.89,2018-02-04
396,40,Ashley Williams,Receptionist,65759.72,2018-12-30
397,40,Christy Moore,Receptionist,40627.99,2015-09-13
398,40,Steven Lester,Chef,21414.65,2018-08-17
399,40,Mary Gray,Chef,56488.06,2016-12-24
400,40,Regina Lee,Manager,63225.84,2017-01-25
401,40,Michael Rangel,Manager,42161.28,2016-07-27
402,40,Timothy Garcia,Chef,74751.83,2019-09-04
403,40,William Murphy,Manager,24475.57,2018-09-08
404,41,Derrick Barber,Manager,40326.44,2021-06-06
405,41,Megan Reed,Housekeeping,53775.58,2021-03-05
406,41,Mark Cantu,Housekeeping,59980.9,2020-09-04
407,41,Kevin Jones,Housekeeping,29710.64,2020-01-26
408,41,Sherry Reynolds,Manager,37368.09,2020-08-18
409,41,Lisa Mitchell,Housekeeping,55412.59,2016-06-09
410,41,Scott Bryant,Chef,66072.23,2019-05-11
411,41,Brenda Roberts,Manager,66663.13,2017-05-26
412,41,Brian Berry,Manager,37468.51,2018-09-29
413,41,Susan Kent,Receptionist,50466.9,2021-08-29
414,41,Anthony Mcclure,Manager,37911.93,2022-02-23
415,42,Steve Smith,Chef,45395.03,2016-06-28
416,42,Antonio Torres,Chef,24077.48,2020-05-20
417,42,Jennifer Wood,Chef,67440.66,2015-07-17
418,42,Joshua Harrison,Receptionist,52016.78,2020-06-28
419,42,Gary Taylor,Chef,40923.51,2022-06-11
420,42,Jerry Thomas,Housekeeping,27769.25,2022-04-25
421,42,Gregory Brennan,Chef,47208.53,2019-12-09
422,42,Lori Brown,Receptionist,46875.3,2016-04-02
423,42,Tami Lang,Housekeeping,58835.08,2020-09-18
424,42,Kevin Roberts,Receptionist,65010.61,2017-05-04
425,42,Sarah Taylor,Housekeeping,21373.91,2016-06-28
426,42,Troy Adams,Housekeeping,61554.43,2016-10-28
427,42,Kevin Jensen,Housekeeping,59537.4,2017-07-20
428,43,John Young,Manager,52165.91,2018-08-07
429,43,Angela Smith,Housekeeping,35513.82,2021-06-30
430,43,Dylan Duarte Jr.,Housekeeping,31185.13,2017-08-02
431,43,William Lambert,Housekeeping,56080.67,2019-08-04
432,43,Samantha Harris,Housekeeping,50486.15,2015-06-18
433,43,Nathan Brown,Manager,70352.97,2015-11-05
434,43,Christine Clark,Receptionist,35370.87,2015-08-24
435,43,Mrs. Ashley Waters DDS,Chef,26804.5,2016-12-01
436,43,Omar Armstrong,Chef,76380.72,2019-10-07
437,43,Heather Spencer,Housekeeping,75943.44,2019-08-06
438,44,Christopher Fernandez,Manager,70152.85,2019-02-16
439,44,Albert Arnold,Manager,23434.62,2016-12-03
440,44,Kimberly Gray,Housekeeping,47635.46,2018-03-23
441,44,Andrew Wilson,Chef,41970.49,2018-08-08
442,44,Tiffany Fuller,Manager,36456.33,2016-09-24
443,44,James Fletcher,Housekeeping,65985.28,2016-06-10
444,44,Jose Walker,Chef,23577.98,2017-03-06
445,44,Vanessa Roy,Receptionist,70647.55,2016-07-29
446,44,Cassandra Cisneros,Receptionist,70625.54,2016-11-30
447,44,Monique Wright,Receptionist,59151.24,2019-04-08
448,44,Jesse Rodriguez,Chef,42288.69,2017-06-25
449,44,Megan Hendrix,Housekeeping,57790.18,2017-11-11
450,44,Ryan Hernandez,Chef,30453.54,2017-05-04
451,45,Vanessa Townsend,Manager,60856.2,2021-08-17
452,45,Kristen Cobb,Manager,66391.47,2016-01-27
453,45,Tamara Klein,Chef,43938.39,2021-08-21
454,45,Brandon Stevens Jr.,Chef,54460.68,2019-12-22
455,45,Brianna Harris,Chef,35590.2,2020-07-06
456,45,Kristina Jones,Manager,58909.53,2016-09-19
457,45,Breanna Holmes,Housekeeping,27423.03,2015-01-02
458,45,Elijah Johnson,Housekeeping,42675.17,2016-06-28
459,46,Monique Graham,Housekeeping,63584.51,2016-09-23
460,46,Carmen Pollard,Receptionist,31137.12,2021-07-19
461,46,Jacob Wilson,Housekeeping,41964.53,2018-12-25
462,46,Alejandro Gray,Manager,65285.99,2015-11-27
463,46,Marilyn Wilkins,Manager,63342.84,2022-08-22
464,46,Anthony Dean,Housekeeping,42143.39,2017-05-09
465,46,Christopher Cook,Receptionist,54630.82,2016-05-27
466,46,Sierra Cameron,Housekeeping,24617.53,2015-06-17
467,46,Shannon Ramsey,Chef,42627.77,2016-04-24
468,46,Sean Sanchez,Receptionist,24460.8,2022-03-07
469,47,David Brooks,Manager,54035.06,2020-03-17
470,47,Brandi Allen,Chef,68885.78,2016-09-20
471,47,Joshua Morgan,Receptionist,63878.24,2018-01-15
472,47,Raven Anderson,Housekeeping,22718.3,2022-04-10
473,47,Elizabeth Williams,Chef,57070.8,2020-07-17
474,47,James Donovan,Chef,35977.09,2022-09-10
475,47,Cody Garcia,Chef,75285.44,2015-02-13
476,47,Brian Woods,Chef,26845.66,2016-05-06
477,47,Samuel Hines,Chef,50337.62,2015-10-20
478,47,Jessica Dominguez,Receptionist,29533.27,2019-11-18
479,47,Scott Quinn,Chef,53917.81,2018-12-17
480,47,Gregory Strickland,Housekeeping,71655.3,2022-01-05
481,47,Kayla Thornton,Housekeeping,55807.45,2021-06-05
482,47,Denise Lee,Chef,21992.56,2017-02-11
483,47,Samantha Hill,Chef,61374.9,2017-09-15
484,48,George Williamson,Receptionist,60015.54,2015-09-23
485,48,Andre Sherman,Housekeeping,39307.84,2021-01-30
486,48,Shannon Robinson,Chef,31775.15,2018-03-05
487,48,Penny Casey,Housekeeping,37614.83,2017-02-04
488,48,Marie Chang,Chef,41031.79,2019-06-24
489,48,Anthony Miles,Chef,47225.04,2020-08-28
490,48,Megan Hansen,Chef,57449.13,2018-04-29
491,48,Terry Walls,Chef,66367.14,2019-01-30
492,48,Andrea Brandt,Chef,76470.97,2022-06-14
493,48,Aaron Ellis,Housekeeping,39948.7,2022-10-08
494,48,Laura Hart,Manager,39723.44,2021-06-23
495,48,Luis Ortiz,Chef,27423.89,2016-10-03
496,49,Monique Ryan,Receptionist,76434.83,2022-12-26
497,49,Amy Miller,Housekeeping,34624.83,2015-06-08
498,49,Rachel Logan,Manager,60541.75,2018-03-16
499,49,Tim Martin,Housekeeping,55691.56,2019-06-06
500,49,Jessica Rodriguez,Receptionist,37387.9,2020-06-23
501,49,Tyler Mcfarland,Housekeeping,74949.52,2019-10-19
502,49,Nicole Ross,Manager,56130.01,2019-11-28
503,49,Seth Hutchinson,Chef,62259.76,2017-02-28
504,49,Jason Brown,Manager,30750.87,2015-06-07
505,50,Denise Quinn,Housekeeping,74599.45,2021-01-03
506,50,Scott Gonzalez,Chef,58108.72,2016-05-20
507,50,Lori Saunders,Housekeeping,24710.5,2022-07-15
508,50,Michael Lopez,Manager,37964.77,2020-04-15
509,50,Misty Bailey,Receptionist,28995.68,2016-12-30
510,50,Elizabeth Harrison,Manager,25720.72,2020-09-20
511,50,Heidi Carter,Receptionist,45486.49,2017-08-27
512,50,Kevin Malone,Housekeeping,31919.97,2019-11-13
513,51,Jonathan Hughes,Receptionist,66234.68,2018-08-21
514,51,Michael Silva,Manager,35356.9,2019-12-07
515,51,Michael Mitchell,Receptionist,42639.07,2021-07-02
516,51,Alex Murphy,Manager,51041.06,2022-12-14
517,51,Cole Roberts,Manager,72410.73,2015-05-22
518,51,Felicia Whitaker,Manager,27055.31,2018-10-04
519,51,Margaret Holmes,Housekeeping,62033.68,2020-10-31
520,51,Sandra Rich,Housekeeping,74389.07,2020-02-20
521,52,Stephen Chavez,Chef,31167.68,2021-09-26
522,52,Angela Brown,Chef,54573.58,2019-04-23
523,52,Lauren Hunt,Housekeeping,51630.25,2022-03-23
524,52,Amanda Wright,Chef,68023.54,2020-12-20
525,52,Lauren Lindsey,Manager,75651.06,2018-11-06
526,52,Amy Blake,Housekeeping,75898.35,2017-07-27
527,52,Rachel Murray,Receptionist,65443.85,2017-04-11
528,52,Corey Morales,Receptionist,65465.19,2018-10-25
529,52,Jessica Johnson,Housekeeping,48447.03,2019-06-06
530,52,Michael Roberts,Manager,49312.64,2022-01-29
531,52,Troy Ellison,Receptionist,46699.44,2018-04-28
532,52,Valerie Miller,Housekeeping,53942.45,2022-08-29
533,52,Keith Curtis,Housekeeping,43033.66,2017-09-21
534,52,Kristy Smith,Receptionist,66062.35,2019-04-18
535,53,Krista Herring,Receptionist,50215.35,2015-02-06
536,53,Ronald Hill,Manager,21250.82,2015-08-24
537,53,Darlene Chung,Housekeeping,61666.88,2017-01-12
538,53,Latasha Gross,Housekeeping,48272.54,2015-10-29
539,53,Keith Hardin,Housekeeping,26767.29,2021-04-28
540,53,Mr. Timothy Harper DDS,Manager,25119.86,2021-02-06
541,53,Melissa Blair,Receptionist,75152.9,2017-05-03
542,53,Kimberly Burch,Housekeeping,23031.02,2019-09-18
543,53,Sean Bridges,Receptionist,25575.58,2021-09-28
544,53,Mark Mcdowell,Receptionist,68939.95,2018-09-21
545,53,Kimberly Wright,Chef,27321.25,2020-06-25
546,53,Kelly Gardner,Manager,79878.54,2017-02-18
547,53,Mr. Michael Warren,Chef,32367.61,2022-04-06
548,54,Kristin Vaughan,Housekeeping,53878.0,2019-01-15
549,54,Sarah Morgan,Receptionist,29314.91,2015-02-05
550,54,Ms. Paula Martin,Housekeeping,64912.36,2020-01-28
551,54,Daniel Lopez,Housekeeping,32210.43,2015-03-18
552,54,Jodi Andrews,Chef,47297.52,2022-10-24
553,54,Katie Harris,Manager,37416.85,2015-03-16
554,54,William Terrell,Housekeeping,27731.25,2021-06-10
555,54,Nathan Larson,Chef,78121.47,2022-05-01
556,54,Kimberly Warren,Chef,46479.55,2019-02-18
557,54,Jason Winters,Chef,39006.03,2017-03-07
558,54,Lisa Marquez,Receptionist,36111.96,2022-09-02
559,54,Patrick White,Chef,60318.55,2022-09-30
560,54,Charles Wall,Manager,38398.75,2020-01-07
561,54,Angela Cohen,Manager,56926.58,2020-11-23
562,55,Christopher Levy,Chef,64535.74,2022-06-30
563,55,Hannah Sawyer,Receptionist,20671.46,2022-09-08
564,55,Mary Myers,Chef,34878.5,2018-05-03
565,55,Ashley Bullock,Chef,43114.99,2020-02-21
566,55,Amy Phillips,Housekeeping,42364.35,2021-01-15
567,55,Chad Harris,Manager,58412.97,2017-04-08
568,55,Kimberly Baker,Receptionist,38958.75,2019-12-20
569,55,Bobby Juarez,Receptionist,47397.3,2017-01-25
570,56,David Thompson,Housekeeping,76181.56,2018-01-27
571,56,Jessica Sanders MD,Chef,69355.08,2017-01-07
572,56,Karen Patel,Manager,75285.09,2017-05-06
573,56,Tina Grant,Receptionist,23418.08,2017-10-23
574,56,Steven Craig,Housekeeping,44656.65,2020-12-14
575,56,Terri Castillo,Housekeeping,23379.04,2016-12-11
576,56,Jane Burns,Manager,32855.51,2017-11-13
577,56,Nancy Roman,Housekeeping,37740.53,2021-12-17
578,56,Catherine Bennett,Manager,46030.37,2016-10-07
579,56,Alyssa Moore,Housekeeping,45680.08,2020-04-01
580,56,Kathy Morris,Receptionist,45932.7,2015-12-06
581,56,Matthew Martin,Receptionist,42432.65,2020-10-24
582,57,James Bean,Chef,61842.82,2015-08-14
583,57,Christopher Blanchard,Chef,79515.65,2022-05-12
584,57,Robert Jones,Manager,35640.92,2019-01-24
585,57,Justin Young,Manager,67999.65,2016-08-21
586,57,Brenda Rivera,Housekeeping,77806.54,2017-08-29
587,57,Brad Brown,Housekeeping,75175.19,2018-10-19
588,57,Kimberly Clark,Chef,60862.24,2016-05-17
589,57,Jenna Campbell,Manager,55271.19,2017-09-13
590,58,Brian Perez DDS,Manager,50424.97,2022-05-15
591,58,Andrea Brown,Receptionist,43018.57,2020-04-29
592,58,Franklin Sawyer,Receptionist,57863.29,2015-03-24
593,58,Melissa Richardson,Manager,44016.18,2022-06-21
594,58,Brian Burnett,Chef,34946.79,2022-05-21
595,58,Mr. Brian Thomas,Receptionist,27688.54,2019-02-10
596,58,Erika Thompson,Receptionist,21807.26,2019-01-12
597,58,Steven Hood,Housekeeping,28714.82,2021-03-23
598,58,Rachel Wilson,Housekeeping,23001.31,2018-09-24
599,58,Jessica Miller,Housekeeping,23154.71,2020-07-17
600,58,Bryan Green,Receptionist,48492.86,2017-10-01
601,59,Sarah Case,Chef,79047.7,2019-11-23
602,59,Ashley Salazar,Manager,34741.67,2022-02-09
603,59,Laura Aguilar,Chef,38081.64,2016-03-31
604,59,Maria Norman,Manager,26526.62,2015-02-21
605,59,Paula Hobbs,Receptionist,22342.96,2020-10-23
606,59,Susan Clayton,Manager,29163.99,2021-08-14
607,60,Marie Williams,Receptionist,32539.95,2019-04-16
608,60,John Conley,Manager,31657.91,2019-08-15
609,60,Christopher Powell,Receptionist,42062.83,2021-06-02
610,60,Christian Harper,Manager,62695.9,2021-05-02
611,60,Jorge Esparza,Housekeeping,33331.49,2021-12-29
612,60,Samantha Mitchell,Receptionist,78647.46,2017-07-28
613,60,Stephen Gonzalez,Receptionist,64942.79,2020-05-20
614,60,James Lee,Manager,71978.63,2017-11-25
615,60,Erica Jennings,Receptionist,60095.71,2018-09-19
616,60,Ronald Nguyen,Manager,33467.23,2020-03-28
617,60,April Brown,Receptionist,77717.83,2015-06-05
618,60,Valerie Young,Manager,34683.55,2018-08-12
619,60,John Perry,Receptionist,63575.33,2020-12-06
620,60,Dustin Fuller,Housekeeping,66766.26,2020-09-05
621,60,Christopher Hamilton,Chef,37942.91,2016-12-04
622,61,Arthur Weaver,Receptionist,61275.87,2015-04-27
623,61,Caleb Robinson,Housekeeping,30680.17,2015-09-20
624,61,Olivia Doyle,Receptionist,35372.42,2020-11-11
625,61,Kendra Williams,Receptionist,64705.08,2015-03-22
626,61,Anthony Carpenter,Housekeeping,79748.94,2015-05-10
627,62,Francisco Ballard,Housekeeping,67598.13,2020-10-12
628,62,Richard Foster,Housekeeping,38360.79,2019-07-11
629,62,Holly Williams,Manager,22520.92,2021-03-01
630,62,Steven Wilkins,Receptionist,73392.48,2022-06-19
631,62,Elizabeth Houston,Chef,34979.4,2022-10-15
632,62,Lynn Lewis,Receptionist,27088.34,2015-09-06
633,62,Colleen Carroll,Receptionist,65126.64,2020-08-07
634,62,Jack Fields,Manager,49088.6,2018-06-10
635,62,John Conley,Receptionist,72897.0,2018-03-31
636,62,Laura Smith,Chef,32696.17,2017-03-04
637,62,Mary Davis,Receptionist,43090.67,2018-05-06
638,63,Michelle Elliott,Housekeeping,28329.49,2017-04-17
639,63,Ronald Hall,Housekeeping,56978.48,2017-07-02
640,63,Justin Williams,Chef,48402.86,2017-01-13
641,63,Patricia Fox,Housekeeping,51721.07,2019-04-13
642,63,Donna Williams,Housekeeping,48135.36,2016-11-09
643,63,Katherine Robbins,Housekeeping,30320.81,2021-12-12
644,63,Stephen Hood,Housekeeping,64851.03,2019-04-17
645,63,Jaime Bender,Chef,57383.0,2018-01-12
646,63,Ashley Key,Manager,51392.1,2016-09-14
647,63,Lisa Combs,Manager,24802.64,2022-05-10
648,63,Chelsea Martinez,Receptionist,26102.13,2018-12-13
649,63,Lisa Baker,Chef,20037.72,2021-01-06
650,63,Jordan Romero,Receptionist,22403.56,2020-04-18
651,63,Ashley Weber,Receptionist,21574.3,2015-12-23
652,64,Ashley Wiley,Receptionist,25139.28,2019-03-06
653,64,Sarah Norris,Manager,69012.93,2016-09-16
654,64,Robert Perkins,Manager,73674.72,2020-09-11
655,64,Scott Leonard,Housekeeping,69325.98,2017-10-11
656,64,Rodney Jackson,Chef,44813.97,2015-01-24
657,64,Alexis Bryant,Manager,61735.26,2020-04-01
658,64,Richard Thompson,Receptionist,48090.78,2018-04-03
659,64,Michael Spears,Receptionist,60658.71,2016-04-25
660,64,Taylor Barton,Manager,29670.61,2015-02-05
661,64,Brian Silva,Receptionist,74717.69,2016-02-19
662,64,Annette Walker,Housekeeping,23205.53,2020-01-15
663,65,Brandon Gray,Receptionist,27753.76,2016-03-04
664,65,James Velez,Receptionist,20523.09,2021-04-03
665,65,Robert White,Manager,62741.64,2017-01-20
666,65,Tina Gutierrez,Chef,27790.81,2017-11-18
667,65,Victoria Rowland,Chef,31949.56,2018-08-22
668,65,Daniel Dawson,Receptionist,34759.43,2019-10-27
669,65,Stephen Fritz,Chef,76926.96,2016-02-24
670,65,Antonio Peters,Receptionist,66592.92,2019-09-15
671,65,Zachary Freeman,Manager,69472.16,2022-05-16
672,66,Alexander Peterson,Chef,60169.76,2019-08-16
673,66,Katie Ferrell,Receptionist,34730.49,2018-09-16
674,66,Jack Wells,Receptionist,23953.43,2016-07-08
675,66,Dorothy Cantrell,Housekeeping,31925.29,2022-12-17
676,66,Zachary Macias,Housekeeping,55698.28,2016-05-20
677,66,Brendan Alvarado,Receptionist,63583.26,2021-11-15
678,66,Alexandra Johnson,Chef,74952.25,2018-05-16
679,66,Laura House,Chef,53277.0,2021-02-09
680,66,Tiffany Dawson,Chef,30083.32,2021-03-22
681,66,Brett Reese,Chef,78518.01,2018-07-04
682,66,Kimberly Thomas,Manager,65979.72,2020-01-21
683,66,Louis Johnson,Manager,72687.78,2020-11-01
684,66,William Smith,Receptionist,22493.07,2019-08-19
685,67,Glenda Butler,Chef,34447.46,2020-04-12
686,67,Christopher Mcdonald,Housekeeping,24615.11,2022-02-19
687,67,Claire Callahan,Chef,20211.84,2022-02-02
688,67,Jessica Johnson,Manager,75033.68,2020-09-20
689,67,Katie Hurley,Receptionist,56505.14,2017-12-14
690,67,Jacob Moore,Manager,24380.97,2020-12-16
691,67,Samantha Steele,Manager,65887.04,2022-12-17
692,68,Lauren Trevino,Housekeeping,63453.9,2015-07-02
693,68,Jacqueline Tanner,Receptionist,36262.47,2017-09-04
694,68,Mr. Matthew Johnson,Manager,35619.59,2015-10-25
695,68,Eric Huang DDS,Housekeeping,79561.34,2017-04-19
696,68,Christopher Thompson,Chef,67603.75,2018-02-24
697,68,Emily Jordan,Manager,60140.98,2021-04-12
698,68,Paul Rogers,Housekeeping,27869.38,2020-07-03
699,69,Angela Shaw,Manager,37303.21,2015-08-22
700,69,Diana Hardin,Housekeeping,59080.08,2015-07-01
701,69,Michael Rogers,Receptionist,63570.8,2021-12-24
702,69,Donald Cline,Chef,24300.4,2021-12-05
703,69,Michael Harris,Receptionist,79229.12,2020-04-01
704,69,Darlene Wright,Receptionist,24018.4,2018-04-04
705,69,Michelle Jones,Housekeeping,48555.54,2017-06-10
706,69,Dr. Katherine Vega,Chef,20123.84,2019-06-08
707,69,Thomas Garza,Housekeeping,31198.65,2021-01-09
708,69,Sharon Contreras,Receptionist,65503.09,2020-08-31
709,69,Sarah Schultz,Housekeeping,66811.84,2022-04-05
710,69,Crystal Harris,Manager,53399.94,2015-05-10
711,69,Beverly Bryant,Chef,44192.68,2022-07-22
712,70,Roberto Mills,Receptionist,70594.1,2018-05-31
713,70,Amanda Rodriguez,Housekeeping,51232.59,2019-06-25
714,70,James Davis,Receptionist,55590.43,2018-12-06
715,70,Dr. Sandra Sullivan MD,Receptionist,25476.48,2022-08-15
716,70,Brittany Thomas,Housekeeping,40767.62,2016-10-13
717,70,Benjamin Miller,Manager,64802.84,2018-03-02
718,70,Jeffrey Potts,Chef,53999.36,2021-11-10
719,70,James Wolfe,Chef,31157.57,2022-01-09
720,70,Earl Fry,Receptionist,31353.2,2018-12-14
721,70,Jessica Pearson,Chef,39443.06,2017-11-21
722,71,Melanie Johnson,Receptionist,52445.67,2015-10-06
723,71,Christopher Mccoy,Housekeeping,29994.47,2022-04-15
724,71,Oscar Taylor,Chef,51312.87,2017-05-06
725,71,Gwendolyn Hughes,Manager,55440.79,2017-02-18
726,71,Frederick Gonzales,Receptionist,62729.4,2017-06-09
727,71,Travis Phillips,Housekeeping,54479.52,2021-06-18
728,71,Tracey Baker,Chef,56740.98,2017-06-27
729,72,Richard Lyons,Housekeeping,33958.53,2017-03-11
730,72,Brandon Stevens,Chef,46176.15,2022-07-12
731,72,Margaret Clark,Manager,33286.85,2020-12-28
732,72,Richard Sharp,Chef,42751.94,2015-06-10
733,72,Joseph Gonzalez,Housekeeping,55491.17,2018-02-07
734,72,Melanie Joseph,Receptionist,50777.2,2019-06-18
735,72,Matthew Lynch,Housekeeping,23218.63,2017-06-13
736,72,Nicole Mullen,Manager,48038.43,2015-07-16
737,72,Jody Smith,Receptionist,21994.81,2017-09-07
738,72,Andrew Lewis,Housekeeping,53337.62,2021-11-18
739,72,David Livingston,Chef,63158.49,2021-05-20
740,72,Miguel Miles,Housekeeping,74856.45,2019-04-30
741,73,Ashley Kim,Housekeeping,44309.32,2020-05-12
742,73,Jeremy Ramos,Receptionist,46784.32,2022-10-24
743,73,Catherine Hurley,Chef,75470.83,2018-09-11
744,73,Denise Ellis,Receptionist,41957.68,2016-05-01
745,73,William Patterson,Receptionist,42477.13,2022-08-06
746,74,Ryan Harris,Manager,68983.94,2021-04-20
747,74,Kelly Orozco,Receptionist,24447.76,2019-06-22
748,74,Andrea Gray,Housekeeping,20268.86,2018-06-25
749,74,Joshua Petersen,Manager,50208.28,2020-03-04
750,74,Amber Arroyo,Housekeeping,69946.19,2022-05-31
751,74,Dana Matthews,Manager,36742.81,2015-10-31
752,74,Tiffany Smith,Receptionist,39186.99,2017-05-09
753,74,Gregory Christian,Housekeeping,40757.62,2018-05-31
754,75,Breanna Brown DDS,Housekeeping,68148.95,2015-10-15
755,75,Kerri Mills,Housekeeping,33231.13,2020-05-10
756,75,Joseph Donovan,Housekeeping,41395.93,2017-05-16
757,75,Brandon Smith,Receptionist,30421.61,2015-08-16
758,75,John Rodriguez,Manager,78311.93,2016-05-12
759,75,Karen Warren,Receptionist,36744.66,2020-03-24
760,76,Christopher Jackson,Housekeeping,48532.71,2015-10-05
761,76,Kiara Morgan,Chef,41962.7,2022-06-04
762,76,Robert Blevins,Chef,69499.86,2017-02-23
763,76,Amber Rose,Receptionist,58212.06,2022-11-14
764,76,Ashlee Allen,Chef,45466.49,2017-06-10
765,76,Mark Martin,Manager,48297.47,2019-08-31
766,76,Dustin Johnson,Manager,24304.43,2020-03-26
767,76,Anthony Frederick,Manager,30849.18,2017-05-15
768,76,David Irwin,Manager,63432.55,2019-08-04
769,76,Frank Mitchell,Housekeeping,46422.09,2018-06-25
770,76,Jay Ruiz,Receptionist,69687.17,2015-12-06
771,76,Kevin Solis,Receptionist,46208.61,2019-01-27
772,77,Katherine Charles,Chef,54312.68,2018-04-04
773,77,Carlos Hill,Chef,76286.98,2016-01-16
774,77,David Thompson,Receptionist,25170.26,2017-05-10
775,77,Benjamin Mays,Manager,47767.31,2018-11-06
776,77,Kelli Howard,Receptionist,57510.21,2015-06-29
777,77,Wendy Wade,Manager,46216.13,2016-08-02
778,77,Carlos Berry,Receptionist,61923.58,2016-04-10
779,77,Lawrence Rodriguez,Manager,49131.66,2015-02-03
780,78,Michelle Woods,Chef,23356.08,2018-12-16
781,78,James Brown,Chef,61291.57,2015-11-04
782,78,Tara Carpenter,Receptionist,51680.52,2017-03-25
783,78,Shane Rodriguez,Manager,66552.64,2018-08-18
784,78,Christina Thompson,Manager,27663.29,2021-02-22
785,78,Jeremy Robles,Receptionist,66051.54,2020-10-03
786,78,Stacey George,Housekeeping,54094.59,2015-02-07
787,78,Sandra Mcguire,Receptionist,75584.22,2019-03-03
788,78,Linda Bush,Manager,66470.02,2017-09-12
789,78,John Myers,Housekeeping,56459.6,2019-07-25
790,78,Christine Banks,Housekeeping,20200.68,2021-01-24
791,78,Ashley Mitchell,Housekeeping,23741.78,2021-04-22
792,78,Marcus Reynolds,Housekeeping,36928.86,2021-09-13
793,79,Joshua Gutierrez,Housekeeping,38662.74,2021-09-17
794,79,James Koch,Chef,72540.93,2020-10-20
795,79,Patricia Ramos,Manager,24344.23,2020-09-13
796,79,Jonathan Newman,Manager,49562.71,2020-05-18
797,79,Jennifer Huffman,Manager,44205.72,2022-03-31
798,79,Rachael Hall,Chef,58754.21,2019-08-28
799,79,Laura Jones DDS,Chef,57718.49,2022-02-17
800,79,Michelle Haley,Manager,60033.78,2015-02-01
801,79,David Martin,Chef,51200.4,2021-04-06
802,79,Sandra Fisher,Receptionist,24207.82,2018-12-15
803,80,Ashley Martinez,Housekeeping,44109.91,2021-05-15
804,80,Daniel Sanders,Receptionist,53083.14,2020-12-04
805,80,Paul Franklin,Housekeeping,37958.11,2019-12-04
806,80,Mary Smith,Manager,57599.86,2016-02-06
807,80,Brianna Jackson,Housekeeping,70311.53,2016-10-01
808,80,Christopher Smith,Housekeeping,68947.89,2022-03-19
809,80,Sara Campbell,Housekeeping,36380.21,2016-06-10
810,80,Kimberly Jenkins,Receptionist,58793.38,2015-12-19
811,80,Sean Nelson,Receptionist,40024.05,2018-10-18
812,81,Margaret Bryan,Chef,58681.59,2022-06-21
813,81,Michael Smith,Housekeeping,49389.0,2020-11-02
814,81,Matthew Sheppard,Chef,52420.65,2018-05-01
815,81,Sara Williams DVM,Housekeeping,47287.68,2015-04-23
816,81,Traci Chase,Chef,56568.31,2021-05-02
817,81,Michael Jones,Chef,70367.44,2019-06-10
818,81,Jessica Guzman,Chef,29036.51,2016-04-01
819,81,Steven Deleon,Housekeeping,44862.32,2016-06-14
820,81,Jeremiah Gray,Receptionist,26877.87,2019-01-04
821,81,Rachel Anthony,Housekeeping,69334.73,2019-03-15
822,82,Joshua Fisher,Housekeeping,51032.57,2019-05-10
823,82,John Figueroa,Manager,27850.39,2018-12-09
824,82,Franklin Rivera,Housekeeping,69359.74,2015-02-02
825,82,Martin Chambers,Receptionist,54419.72,2015-01-16
826,82,Tara Nunez,Manager,68292.44,2020-12-10
827,82,Mark Cox,Housekeeping,60551.6,2016-05-29
828,82,Jessica Johnson,Manager,56337.67,2017-01-31
829,82,Lance Holt,Receptionist,49656.57,2022-04-18
830,82,Kristi Massey,Chef,58197.86,2016-09-21
831,82,Steven Grimes,Receptionist,23218.75,2016-02-09
832,82,Melinda Tucker,Chef,32329.01,2020-07-06
833,82,Steven Woodward,Housekeeping,34197.25,2017-10-24
834,83,Dominique Beck,Chef,61748.12,2022-06-07
835,83,Shawn Robles,Manager,62956.0,2020-12-08
836,83,Andrew Goodwin,Manager,23464.75,2022-06-28
837,83,Heather Bond,Chef,47224.24,2020-02-28
838,83,Glenda Morales,Receptionist,57773.73,2018-03-20
839,83,Sara Pratt,Receptionist,45565.31,2015-02-24
840,83,Gregory Owens,Receptionist,43918.58,2018-05-07
841,83,Bill Harrell,Chef,23956.31,2021-04-04
842,83,Steven Willis,Receptionist,64088.11,2017-10-20
843,83,Jon Medina,Chef,45341.89,2020-05-20
844,83,Briana Knight,Receptionist,42021.35,2017-04-26
845,83,Taylor Ross,Housekeeping,26711.53,2019-08-09
846,83,Matthew Johnson,Chef,28324.89,2022-12-21
847,83,Joshua Hall,Chef,27937.71,2017-09-14
848,83,Rebekah Zimmerman,Housekeeping,62160.2,2018-11-10
849,84,James Burgess,Chef,70399.06,2022-10-23
850,84,Victoria Cowan,Housekeeping,71480.59,2019-04-12
851,84,Jeffrey White,Manager,31559.22,2017-04-06
852,84,Danielle Davis DVM,Receptionist,60041.31,2020-05-30
853,84,Brian Dodson,Manager,59092.37,2018-10-19
854,85,James Parrish,Housekeeping,67089.61,2022-04-24
855,85,Scott Shah,Manager,75667.62,2022-08-25
856,85,Charles Carter,Chef,41809.93,2015-05-17
857,85,Eric Long,Chef,47549.83,2020-10-14
858,85,Karl Cook,Manager,73960.08,2022-08-16
859,85,Jessica Garcia,Receptionist,34314.01,2017-03-04
860,85,Linda Robinson,Chef,38654.52,2018-08-26
861,85,Thomas Barrett,Receptionist,40862.14,2022-07-08
862,85,Dan Morales,Chef,27821.41,2019-03-07
863,86,Richard Lee,Chef,33878.05,2017-10-23
864,86,Suzanne Figueroa,Receptionist,52931.57,2015-08-06
865,86,Michelle Jackson,Chef,29306.02,2018-09-15
866,86,Virginia English,Chef,40953.46,2022-01-12
867,86,Shelly Richards,Receptionist,72781.31,2020-01-23
868,86,Diane Cervantes,Receptionist,27753.97,2019-07-08
869,86,Brian Chambers MD,Receptionist,31299.13,2020-09-08
870,86,Matthew Campbell,Housekeeping,27855.55,2020-11-03
871,86,Matthew Smith,Chef,49134.23,2022-05-26
872,86,Kari Moreno,Housekeeping,54309.17,2015-09-06
873,86,Douglas Lee,Manager,24108.07,2018-09-20
874,86,Elizabeth Bates DVM,Receptionist,61508.48,2015-09-05
875,86,Elizabeth Hawkins,Chef,56020.69,2019-03-22
876,86,Kathy Hansen,Receptionist,20115.15,2020-07-07
877,87,Sarah Villa,Manager,22304.05,2015-08-16
878,87,Robin Austin,Manager,25769.23,2021-10-19
879,87,James Evans,Receptionist,38382.01,2022-03-08
880,87,Christine Lewis,Manager,44232.1,2022-09-15
881,87,Hayley Kim,Manager,57742.48,2022-11-14
882,87,Travis Chan,Receptionist,75324.94,2020-09-02
883,87,Carol Johnson,Housekeeping,24689.67,2018-12-06
884,87,Erica Baker,Receptionist,44875.31,2017-03-15
885,87,Angela Wilkerson,Chef,43353.88,2015-05-17
886,87,Ray Miller,Chef,32336.84,2020-01-16
887,87,Jerry Richardson,Manager,64677.32,2020-12-12
888,87,Nathan Burton,Housekeeping,27949.18,2019-10-12
889,88,Valerie Carter,Chef,46720.57,2015-09-15
890,88,Zachary Williams,Receptionist,52334.81,2015-09-26
891,88,Wendy Romero,Receptionist,56182.75,2021-10-18
892,88,Cindy Haas,Manager,63502.25,2015-06-02
893,88,Spencer Banks,Manager,63383.22,2021-08-21
894,88,Robert Bass,Chef,71873.71,2017-12-26
895,88,Alicia Carson,Manager,29283.37,2016-06-22
896,88,George Kane,Receptionist,38812.27,2017-06-28
897,88,Jessica Stevens,Housekeeping,22318.96,2015-05-18
898,88,Ashlee Smith,Chef,69392.05,2017-05-05
899,89,Natalie Thomas,Manager,55122.69,2021-02-26
900,89,Veronica Wade,Chef,24854.25,2022-07-11
901,89,Troy Hester,Manager,29203.31,2022-01-10
902,89,Cameron Davis,Housekeeping,43729.37,2018-07-30
903,89,Makayla Johnson,Chef,76296.02,2018-05-03
904,90,Ryan Kane,Manager,65399.99,2020-05-29
905,90,Robert Campbell,Receptionist,56948.7,2022-04-24
906,90,Kevin Davis,Housekeeping,30694.97,2019-06-16
907,90,Jessica Ford,Manager,40693.29,2019-04-30
908,90,John Sutton,Housekeeping,61375.8,2020-01-27
909,90,Randy Mckinney,Manager,48254.63,2016-08-18
910,90,Jessica Hernandez,Chef,78457.26,2016-11-10
911,90,Heather Bowman,Receptionist,68476.55,2015-10-23
912,90,Sean Smith,Housekeeping,62494.76,2022-06-21
913,90,Sarah Graham,Manager,38977.25,2020-05-18
914,90,Matthew Mccarthy,Chef,56991.91,2015-02-07
915,90,Eric Fox,Manager,63839.01,2017-01-31
916,91,Charles Hunt,Manager,49114.04,2016-06-14
917,91,Alexander Farley,Chef,62491.88,2018-04-23
918,91,Kyle Franco,Chef,35066.92,2018-02-07
919,91,Ashley Thomas,Manager,59302.84,2016-01-03
920,91,Marcus Stewart,Chef,35160.35,2022-12-30
921,91,Virginia Oliver,Housekeeping,76930.55,2019-08-02
922,91,Ashley Brown,Receptionist,71399.24,2021-12-25
923,91,Brittney Stephenson,Receptionist,51074.19,2021-04-27
924,92,Alexander Parsons,Manager,35032.61,2021-12-03
925,92,Brittany Young,Manager,34483.59,2015-05-17
926,92,Aaron Hicks,Receptionist,28843.62,2016-04-07
927,92,Judith Baker,Receptionist,52203.34,2017-07-22
928,92,Robert Thompson,Manager,32707.07,2016-11-22
929,92,Sherry Hall,Receptionist,65563.95,2019-10-28
930,92,Kelsey Ryan,Chef,61172.57,2020-12-12
931,92,Deanna Miller,Manager,41750.04,2021-08-18
932,92,Christopher Smith,Manager,77621.33,2019-12-26
933,92,Heidi Stanley,Manager,44413.49,2021-05-16
934,93,Kenneth Clark,Housekeeping,40814.83,2019-08-10
935,93,Angelica Walters,Manager,28134.82,2018-06-28
936,93,Julia Drake,Receptionist,61768.49,2019-11-24
937,93,Mr. Martin Campbell,Manager,67431.52,2022-05-23
938,93,Jessica Richardson,Housekeeping,33667.99,2017-11-18
939,93,Ebony Wood,Manager,61755.72,2022-02-28
940,93,Warren Jones,Chef,49013.93,2021-04-14
941,93,Teresa Robinson,Receptionist,33736.01,2019-11-24
942,93,Amy Jones MD,Manager,50008.33,2019-05-01
943,94,Dr. Charles Keller,Chef,40208.53,2016-09-29
944,94,Ronnie Herman,Housekeeping,77699.61,2015-03-18
945,94,Dominic Mills,Housekeeping,22409.86,2017-08-16
946,94,Patricia Sheppard,Manager,45343.8,2020-11-19
947,94,George Cox,Receptionist,50366.46,2016-10-14
948,94,Patrick Wright,Chef,79318.97,2016-07-20
949,94,Taylor Miller,Housekeeping,36975.3,2016-04-06
950,94,Juan Fischer,Chef,24765.08,2018-10-24
951,94,Patricia Rogers,Housekeeping,43845.36,2017-06-26
952,94,Tanner Thomas,Housekeeping,34885.86,2018-11-24
953,94,Christy Figueroa,Receptionist,29316.27,2015-02-08
954,94,Rachel Casey,Chef,63492.07,2017-04-18
955,94,Rick Gonzalez,Manager,24817.86,2019-03-25
956,94,Jessica Johnston,Housekeeping,53009.15,2021-03-06
957,94,Riley Vang,Manager,25984.93,2018-11-20
958,95,Deborah Bishop,Housekeeping,33952.73,2020-04-01
959,95,Sarah Guerra,Manager,68798.97,2017-01-03
960,95,Diane Henry,Receptionist,77315.42,2017-08-09
961,95,Dale Jones,Manager,60005.57,2016-03-22
962,95,Patricia Alvarado,Receptionist,62414.02,2017-04-30
963,95,Colleen Stone,Manager,52139.02,2016-01-25
964,95,Ronald Owens,Manager,24313.65,2016-06-07
965,95,Anthony Torres,Chef,34844.58,2020-03-11
966,95,Joy Alexander,Manager,22104.09,2019-08-18
967,95,George Harris,Housekeeping,76693.45,2019-02-07
968,95,Shane Cole,Receptionist,35665.97,2015-01-11
969,95,Melissa Ortiz,Manager,23084.41,2021-05-21
970,95,John Ward,Receptionist,45613.53,2015-08-21
971,95,Natasha Howard,Chef,40253.54,2017-09-14
972,96,Angela Williamson,Receptionist,34643.84,2018-04-24
973,96,Lisa West,Receptionist,28523.09,2017-06-13
974,96,Jerome Ruiz,Manager,62793.6,2021-03-20
975,96,Rachel Moore,Housekeeping,56439.48,2018-12-26
976,96,Michael Glass,Manager,48810.43,2021-02-24
977,96,Lori Booker,Chef,76318.81,2017-01-25
978,96,Joshua Tyler,Housekeeping,72758.85,2021-11-06
979,96,Brandi Riddle,Chef,76046.72,2015-11-29
980,96,Kenneth Navarro,Housekeeping,78938.6,2021-02-23
981,96,Jake Adams,Housekeeping,67342.33,2018-12-20
982,96,Joseph Robinson,Housekeeping,20754.18,2020-01-14
983,97,Brittany Yates,Manager,46890.2,2020-12-10
984,97,James Marks,Manager,21342.69,2021-12-13
985,97,Thomas Mclaughlin,Receptionist,58367.26,2018-02-16
986,97,Robert Sparks,Receptionist,24146.86,2015-08-16
987,97,Samantha White,Receptionist,73101.6,2020-04-05
988,97,Austin Buckley,Manager,20904.37,2020-04-01
989,97,Janice Schroeder,Housekeeping,67855.5,2022-02-12
990,97,Marie Martinez,Chef,77013.65,2017-03-01
991,97,Terri Torres,Receptionist,34373.23,2021-03-12
992,98,Donna Sanchez,Manager,52814.37,2016-02-19
993,98,Matthew Kemp,Housekeeping,52203.35,2016-07-19
994,98,Michael Frank,Manager,27166.87,2021-06-19
995,98,Amanda Booker,Chef,62794.14,2020-11-10
996,98,Jennifer Perry,Receptionist,73434.97,2015-04-17
997,98,Brittany Cook,Receptionist,74060.28,2022-10-14
998,98,Thomas House,Manager,75869.75,2017-10-11
999,98,David Gonzalez,Manager,48576.43,2020-06-20
1000,98,James Gilbert,Housekeeping,62290.54,2015-12-26
1001,98,Cameron Hansen,Manager,49027.03,2020-02-12
1002,98,Angela Mercado,Housekeeping,32861.26,2021-02-15
1003,98,Adam Mckenzie,Receptionist,74024.57,2021-09-29
1004,99,Miss Maria Hill,Chef,62700.29,2019-01-05
1005,99,Kenneth White,Receptionist,48122.05,2019-05-12
1006,99,Joseph Moreno,Receptionist,24140.69,2018-02-01
1007,99,William Schmidt,Receptionist,51978.02,2022-11-13
1008,99,Ashley Jones,Chef,41028.94,2019-04-04
1009,99,Darryl Porter,Housekeeping,52460.84,2015-03-13
1010,100,Veronica English,Receptionist,30855.84,2015-10-11
1011,100,Justin Fernandez,Receptionist,26901.46,2017-02-18
1012,100,Gregory Kelley,Housekeeping,25615.72,2015-05-03
1013,100,Andrew Watkins,Receptionist,35045.48,2021-04-26
1014,100,Andrew Huff,Housekeeping,42496.58,2018-10-11
1015,100,Elizabeth Davidson,Manager,42841.84,2020-07-11
1016,100,Tammy Bell,Receptionist,30741.68,2016-01-06
1017,100,Mary Carter,Receptionist,25819.68,2022-01-29
1018,100,Ronald Sanchez,Chef,43707.65,2019-12-08
1019,100,Cameron Boyer,Chef,70094.69,2016-06-07
1020,100,William Wright,Receptionist,54675.82,2018-04-13
1021,100,Mike Smith,Housekeeping,26761.21,2022-10-10
1022,100,Christina Smith,Receptionist,59605.13,2015-03-30
1023,100,Bryan Rice,Chef,52192.41,2018-11-06
